{
  "src/lib/components/ResizeDraggable.react.js": {
    "description": "ExampleComponent is an example component.\nIt takes a property, `label`, and\ndisplays it.\nIt renders an input with the property `value`\nwhich is editable by the user.",
    "displayName": "ResizeDraggable",
    "methods": [
      {
        "name": "handleInputChange",
        "docblock": null,
        "modifiers": [],
        "params": [
          {
            "name": "e",
            "type": null
          }
        ],
        "returns": null
      }
    ],
    "props": {
      "id": {
        "type": {
          "name": "string"
        },
        "required": false,
        "description": "The ID used to identify this component in Dash callbacks"
      },
      "label": {
        "type": {
          "name": "string"
        },
        "required": true,
        "description": "A label that will be printed when this component is rendered."
      },
      "value": {
        "type": {
          "name": "string"
        },
        "required": false,
        "description": "The value displayed in the input"
      },
      "setProps": {
        "type": {
          "name": "func"
        },
        "required": false,
        "description": "Dash-assigned callback that should be called whenever any of the\nproperties change"
      },
      "children": {
        "type": {
          "name": "element"
        },
        "required": false,
        "description": ""
      },
      "minWidth": {
        "type": {
          "name": "number"
        },
        "required": false,
        "description": ""
      },
      "minHeight": {
        "type": {
          "name": "number"
        },
        "required": false,
        "description": ""
      },
      "x": {
        "type": {
          "name": "number"
        },
        "required": false,
        "description": ""
      },
      "y": {
        "type": {
          "name": "number"
        },
        "required": false,
        "description": ""
      },
      "style": {
        "type": {
          "name": "object"
        },
        "required": false,
        "description": ""
      }
    }
  }
}